Intermediate Algebra,cumulative_gpa,prev_term_gpa,struggle,College Algebra
1.0,1.7,1.7,2.0,1
4.0,2.363636364,2.363636364,3.0,5
0.0,1.7,1.4,2.0,0
7.0,3.083333333,3.083333333,3.0,4
4.0,2.0,2.0,2.0,1
