Introduction to Agribusiness,Leadership and Management,cumulative_gpa,prev_term_gpa,struggle,Quality Management
-1.0,10.0,3.310769231,3.383333333,3.0,9
-1.0,7.0,2.331111111,2.72,3.0,10
-1.0,4.0,1.336585366,1.4357142859999998,1.0,10
-1.0,10.0,2.429545455,1.923076923,2.0,10
-1.0,10.0,3.0,3.0,2.0,10
-1.0,7.0,2.81025641,2.716666667,3.0,8
