model,NRMSE,lower_bound,upper_bound
LOGISTIC_REGRESSION,0.2759464957343637,0.26513195122649474,0.2840421412427328
GBT_CLASSIFIER,0.27238829983965174,0.26209509757074045,0.2801325352516222
NU_SVR,0.2511252876560622,0.2419910070252553,0.2580507818437031
GBT_REGRESSOR,0.26480183948347996,0.2556049968451769,0.2717537809847379
RANDOM_FOREST_REGRESSOR,0.2517439208788964,0.2429250579617042,0.25842067239627947
MOD_ZEROR,0.3319416487573001,0.31998255863417285,0.34081923157828964
MEAN_ZEROR,0.2876331625644914,0.27849213634375397,0.29441900111853314
