model,NRMSE,lower_bound,upper_bound
LOGISTIC_REGRESSION,0.2864064371577406,0.27370280411151043,0.2959043285229342
GBT_CLASSIFIER,0.2803958636759703,0.26799849424829036,0.2896444593607041
NU_SVR,0.257765549847493,0.24669285846201602,0.26604477961444634
GBT_REGRESSOR,0.27176567096929055,0.2607836898682108,0.2799902316670958
RANDOM_FOREST_REGRESSOR,0.2583856458425395,0.2474901354024877,0.2665643496235064
MOD_ZEROR,0.317654123728296,0.30303477973464826,0.32848990522918947
MEAN_ZEROR,0.2819285078277145,0.27145934013658,0.2896755549590748
