student_id,Intermediate Algebra,Mathematical Problem Solving,Elementary Algebra,Basic Algebra,cumulative_gpa,prev_term_gpa,struggle,term_difference
1378,7,,7,,1.35,1.35,1,20
1832,1,,1,,1.714285714,1.714285714,2,30
2638,0,,4,,1.75,1.75,2,10
3297,7,,7,,3.333333333,3.333333333,3,20
4831,7,,10,,2.75,2.75,3,10
5677,4,,4,,2.0,2.0,2,30
7127,0,,7,,3.1,3.1,3,30
8231,7,,10,,2.79,2.79,3,10
8540,0,,4,,2.152631579,1.6,2,10
9105,4,,7,,3.233333333,3.233333333,3,10
9795,7,,4,,2.0,2.0,2,10
