Intermediate Algebra,Mathematical Problem Solving,Elementary Algebra,Basic Algebra,cumulative_gpa,prev_term_gpa,struggle,term_difference,College Algebra
4.0,-1.0,-1.0,-1.0,1.933333333,1.933333333,2.0,10.0,5
7.0,-1.0,-1.0,-1.0,3.41875,3.41875,3.0,10.0,0
4.0,-1.0,-1.0,-1.0,2.41875,2.41875,3.0,10.0,8
4.0,-1.0,-1.0,-1.0,2.25,2.25,2.0,10.0,1
4.0,-1.0,-1.0,-1.0,2.625,2.625,3.0,30.0,0
7.0,-1.0,-1.0,-1.0,3.083333333,3.083333333,3.0,30.0,4
4.0,-1.0,-1.0,-1.0,1.935294118,1.935294118,2.0,30.0,1
