student_id,Quality Management,Introduction to Agribusiness,Leadership and Management,cumulative_gpa,prev_term_gpa,struggle,Quality Management
1640.0,9.0,-1.0,10.0,2.72,2.72,2.0,9
4193.0,10.0,-1.0,7.0,2.4375,2.4375,3.0,10
5086.0,10.0,-1.0,10.0,2.429545455,1.923076923,2.0,10
6459.0,10.0,-1.0,6.0,2.614285714,2.266666667,2.0,10
8797.0,10.0,-1.0,10.0,3.0,3.0,2.0,10
10594.0,8.0,-1.0,7.0,2.81025641,2.716666667,3.0,8
