student_id,Quality Management,Introduction to Agribusiness,Leadership and Management,cumulative_gpa,prev_term_gpa,struggle,Quality Management
1704.0,9.0,-1.0,10.0,3.310769231,3.383333333,3.0,9
3795.0,10.0,-1.0,7.0,2.646428571,2.675,3.0,10
5023.0,10.0,-1.0,10.0,3.401639344,3.3411764710000003,3.0,10
6765.0,7.0,-1.0,7.0,2.285915493,2.39375,3.0,7
7699.0,10.0,-1.0,8.0,3.375,3.125,3.0,10
7958.0,8.0,-1.0,10.0,3.104285714,3.364285714,3.0,8
10644.0,10.0,10.0,9.0,3.007692308,3.007692308,3.0,10
