Introduction to Agribusiness,Leadership and Management,cumulative_gpa,prev_term_gpa,struggle,Quality Management
-1.0,7.0,2.432258065,2.81875,3.0,10
-1.0,10.0,3.117647059,3.117647059,2.0,9
-1.0,7.0,2.4375,2.4375,3.0,10
-1.0,6.0,2.614285714,2.266666667,2.0,10
-1.0,4.0,1.777777778,1.083333333,1.0,8
10.0,9.0,3.007692308,3.007692308,3.0,10
