student_id,Quality Management,Introduction to Agribusiness,Leadership and Management,cumulative_gpa,prev_term_gpa,struggle,Quality Management
300.0,10.0,-1.0,7.0,2.382191781,2.45,2.0,10
2074.0,10.0,-1.0,7.0,2.54,3.5,3.0,10
2240.0,9.0,-1.0,10.0,3.117647059,3.117647059,2.0,9
2346.0,8.0,-1.0,10.0,2.925925926,3.5,3.0,8
7671.0,10.0,-1.0,10.0,3.44375,3.44375,3.0,10
9276.0,10.0,-1.0,10.0,3.29,3.538461538,3.0,10
