student_id,Computer Graphics,Mathematical Problem Solving,Basic Algebra,Introduction to Programming,cumulative_gpa,prev_term_gpa,struggle,term_difference
1078,7,,,10,3.571428571,3.571428571,3,90
2074,10,,,10,1.653846154,1.653846154,2,90
4602,6,,,7,2.923076923,2.923076923,3,90
7871,7,,,10,3.175,3.175,3,80
7958,7,,,10,3.222222222,3.230769231,3,140
8915,5,,,10,3.0,3.0,3,140
9274,6,,,10,2.616666667,2.94,3,120
9330,5,,,10,3.3529411760000003,3.3529411760000003,3,150
9405,8,,,10,3.50625,3.50625,3,90
