student_id,Human Factors Engineering,Mathematical Problem Solving,Basic Algebra,Essentials of Anatomy and Physiology,cumulative_gpa,prev_term_gpa,struggle,term_difference
619,9,,,10,3.655737705,3.357142857,3,20
2137,6,,,8,2.934693878,3.176470588,3,30
2669,5,,,8,3.596969697,3.61875,3,50
6205,6,,,6,3.141176471,3.111764706,3,50
7158,6,,,7,2.8,2.8125,3,80
7798,3,,,10,2.655263158,2.7538461539999997,2,30
9365,5,,,8,3.2696202530000003,2.8875,2,60
9370,9,,,10,4.0,4.0,3,20
