Programming in COBOL,cumulative_gpa,prev_term_gpa,struggle,Applications in Information Systems
6.0,2.413793103,2.5625,3.0,6
7.0,2.684615385,3.15,3.0,9
6.0,3.121348315,3.28,3.0,8
6.0,2.15,2.9,3.0,4
4.0,2.559340659,2.75,3.0,7
10.0,2.9,3.06,3.0,10
7.0,2.567045455,3.26,3.0,8
4.0,2.250819672,2.6,3.0,7
7.0,2.139534884,2.833333333,3.0,7
7.0,3.13559322,2.6,3.0,7
7.0,2.0625,1.935294118,2.0,7
7.0,2.0128205130000003,2.75,3.0,4
10.0,3.09,2.928571429,2.0,5
4.0,2.280645161,1.86875,2.0,4
