Programming in COBOL,cumulative_gpa,prev_term_gpa,struggle,Applications in Information Systems
9.0,2.80326087,3.25,3.0,7
7.0,3.338596491,2.86,3.0,9
5.0,2.409411765,2.575,3.0,6
1.0,1.72,1.4,1.0,10
7.0,3.083050847,3.00625,3.0,9
7.0,2.3,2.4,2.0,7
7.0,2.0,2.5,2.0,4
7.0,2.625,2.588235294,2.0,4
3.0,1.539130435,1.35,2.0,5
4.0,1.838709677,2.0,2.0,7
7.0,2.8,3.00625,3.0,8
10.0,3.169491525,3.4,3.0,8
7.0,3.612195122,3.54,3.0,7
4.0,1.611111111,2.083333333,2.0,2
