Programming in COBOL,cumulative_gpa,prev_term_gpa,struggle,Applications in Information Systems
10.0,3.371428571,3.74,3.0,9
10.0,3.054545455,2.714285714,3.0,7
4.0,2.432258065,2.81875,3.0,6
0.0,1.259259259,0.0,1.0,8
6.0,2.617460317,2.2,3.0,5
8.0,2.766666667,3.123529412,3.0,7
4.0,1.793103448,2.642857143,3.0,1
7.0,3.140909091,2.74,3.0,8
4.0,2.666666667,2.625,3.0,4
9.0,3.541666667,3.321428571,3.0,9
6.0,2.446,2.221428571,2.0,7
7.0,2.969230769,2.4,2.0,7
5.0,2.046666667,2.0,2.0,4
4.0,2.4,2.6,3.0,4
