student_id,Artificial Intelligence,Mathematical Problem Solving,Basic Algebra,Programming in C++,Introduction to Programming,cumulative_gpa,prev_term_gpa,struggle,Artificial Intelligence
2433.0,7.0,-1.0,-1.0,10.0,-1.0,3.066666667,3.066666667,3.0,7
2780.0,8.0,-1.0,-1.0,7.0,7.0,2.735294118,2.647058824,2.0,8
3856.0,2.0,-1.0,-1.0,4.0,-1.0,2.5333333330000003,2.5333333330000003,3.0,2
5616.0,4.0,-1.0,-1.0,4.0,10.0,2.23,2.384615385,2.0,4
7948.0,3.0,-1.0,-1.0,4.0,-1.0,2.029508197,1.875,2.0,3
8442.0,10.0,-1.0,-1.0,10.0,-1.0,3.8,3.8,3.0,10
9097.0,10.0,-1.0,-1.0,10.0,-1.0,3.777777778,3.777777778,3.0,10
9376.0,7.0,-1.0,-1.0,7.0,-1.0,3.246666667,3.246666667,3.0,7
10592.0,6.0,-1.0,-1.0,4.0,-1.0,1.7416666669999998,1.7416666669999998,2.0,6
