student_id,Artificial Intelligence,Mathematical Problem Solving,Basic Algebra,Programming in C++,Introduction to Programming,cumulative_gpa,prev_term_gpa,struggle,Artificial Intelligence
3337.0,3.0,-1.0,-1.0,8.0,-1.0,3.26875,3.26875,3.0,3
5563.0,5.0,-1.0,-1.0,4.0,4.0,2.625,2.625,3.0,5
7357.0,9.0,-1.0,-1.0,7.0,-1.0,3.3,3.3,3.0,9
7721.0,6.0,-1.0,-1.0,8.0,-1.0,2.726666667,2.726666667,2.0,6
7958.0,7.0,-1.0,-1.0,7.0,10.0,3.222222222,3.230769231,3.0,7
8825.0,8.0,-1.0,-1.0,4.0,-1.0,3.176923077,3.176923077,3.0,8
9274.0,4.0,-1.0,-1.0,1.0,10.0,1.0,1.0,2.0,4
9370.0,10.0,-1.0,-1.0,10.0,-1.0,4.0,4.0,3.0,10
9572.0,7.0,-1.0,-1.0,7.0,-1.0,3.613333333,3.613333333,3.0,7
