Mathematical Problem Solving,Basic Algebra,Programming in C++,Introduction to Programming,cumulative_gpa,prev_term_gpa,struggle,Artificial Intelligence
-1.0,-1.0,8.0,-1.0,3.26875,3.26875,3.0,3
-1.0,-1.0,4.0,4.0,2.625,2.625,3.0,5
-1.0,-1.0,7.0,-1.0,3.3,3.3,3.0,9
-1.0,-1.0,8.0,-1.0,2.726666667,2.726666667,2.0,6
-1.0,-1.0,7.0,10.0,3.222222222,3.230769231,3.0,7
-1.0,-1.0,4.0,-1.0,3.176923077,3.176923077,3.0,8
-1.0,-1.0,1.0,10.0,1.0,1.0,2.0,4
-1.0,-1.0,10.0,-1.0,4.0,4.0,3.0,10
-1.0,-1.0,7.0,-1.0,3.613333333,3.613333333,3.0,7
