Introduction to Programming,cumulative_gpa,prev_term_gpa,struggle,term_difference,Computer ArchitectureOperating Systems
10.0,3.8125,3.8125,3.0,70.0,7
10.0,3.450980392,3.833333333,3.0,70.0,5
7.0,2.735294118,2.647058824,2.0,60.0,4
9.0,2.7625,2.7625,3.0,40.0,3
7.0,2.129032258,1.615384615,2.0,150.0,8
10.0,2.616666667,2.94,3.0,40.0,4
10.0,2.5,2.928571429,2.0,90.0,4
10.0,2.307692308,2.307692308,2.0,100.0,0
