Mathematical Problem Solving,Basic Algebra,Programming in C++,Introduction to Programming,cumulative_gpa,prev_term_gpa,struggle,Computer Graphics
-1.0,-1.0,4.0,-1.0,2.08,2.08,2.0,4
-1.0,-1.0,0.0,-1.0,0.5625,0.5625,1.0,10
-1.0,-1.0,10.0,-1.0,4.0,4.0,3.0,9
-1.0,-1.0,9.0,-1.0,3.042857143,3.042857143,3.0,10
-1.0,-1.0,1.0,10.0,1.0,1.0,2.0,6
-1.0,-1.0,10.0,-1.0,3.25,3.25,3.0,7
-1.0,-1.0,7.0,10.0,3.50625,3.50625,3.0,8
-1.0,-1.0,10.0,-1.0,3.5333333330000003,3.5333333330000003,3.0,7
