student_id,Computer Architecture/Operating Systems,Introduction to Programming,cumulative_gpa,prev_term_gpa,struggle,Computer ArchitectureOperating Systems
153.0,7.0,10.0,3.8125,3.8125,3.0,7
1196.0,5.0,10.0,3.450980392,3.833333333,3.0,5
2780.0,4.0,7.0,2.735294118,2.647058824,2.0,4
7141.0,3.0,9.0,2.7625,2.7625,3.0,3
9268.0,8.0,7.0,2.129032258,1.615384615,2.0,8
9274.0,4.0,10.0,2.616666667,2.94,3.0,4
10105.0,4.0,10.0,2.5,2.928571429,2.0,4
10518.0,0.0,10.0,2.307692308,2.307692308,2.0,0
