Mathematical Problem Solving,Basic Algebra,Programming in C++,Introduction to Programming,cumulative_gpa,prev_term_gpa,struggle,Computer Graphics
-1.0,-1.0,7.0,-1.0,2.5333333330000003,2.5333333330000003,2.0,4
-1.0,-1.0,5.0,-1.0,2.6076923080000003,2.6076923080000003,3.0,7
-1.0,-1.0,7.0,7.0,2.923076923,2.923076923,3.0,6
-1.0,-1.0,7.0,-1.0,2.933333333,2.933333333,3.0,9
-1.0,-1.0,5.0,-1.0,2.9125,2.9125,3.0,10
-1.0,-1.0,7.0,-1.0,2.850666667,2.94,3.0,4
-1.0,-1.0,7.0,-1.0,3.613333333,3.613333333,3.0,10
-1.0,-1.0,10.0,-1.0,2.529411765,2.529411765,2.0,8
