student_id,Computer Graphics,Mathematical Problem Solving,Basic Algebra,Programming in C++,Introduction to Programming,cumulative_gpa,prev_term_gpa,struggle,Computer Graphics
347.0,4.0,-1.0,-1.0,4.0,-1.0,2.08,2.08,2.0,4
2057.0,7.0,-1.0,-1.0,7.0,-1.0,3.34,3.34,3.0,7
2074.0,10.0,-1.0,-1.0,8.0,10.0,1.653846154,1.653846154,2.0,10
4133.0,9.0,-1.0,-1.0,0.0,-1.0,2.925,2.925,2.0,9
4508.0,4.0,-1.0,-1.0,10.0,-1.0,2.248275862,1.785714286,1.0,4
7958.0,7.0,-1.0,-1.0,7.0,10.0,3.222222222,3.230769231,3.0,7
9274.0,6.0,-1.0,-1.0,1.0,10.0,1.0,1.0,2.0,6
9405.0,8.0,-1.0,-1.0,7.0,10.0,3.50625,3.50625,3.0,8
10364.0,10.0,-1.0,-1.0,7.0,-1.0,2.95,2.95,3.0,10
