Mathematical Problem Solving,Basic Algebra,Programming in C++,Introduction to Programming,cumulative_gpa,prev_term_gpa,struggle,Computer Graphics
-1.0,-1.0,7.0,-1.0,2.733333333,2.733333333,2.0,6
-1.0,-1.0,10.0,10.0,3.571428571,3.571428571,3.0,7
-1.0,-1.0,7.0,-1.0,3.34,3.34,3.0,7
-1.0,-1.0,0.0,-1.0,2.925,2.925,2.0,9
-1.0,-1.0,7.0,-1.0,1.214285714,1.214285714,2.0,4
-1.0,-1.0,7.0,-1.0,1.133333333,1.133333333,1.0,0
-1.0,-1.0,4.0,10.0,3.0,3.0,3.0,5
-1.0,-1.0,7.0,-1.0,2.95,2.95,3.0,10
