student_id,Computer Graphics,Mathematical Problem Solving,Basic Algebra,Programming in C++,Introduction to Programming,cumulative_gpa,prev_term_gpa,struggle,Computer Graphics
43.0,7.0,-1.0,-1.0,7.0,-1.0,2.7125,2.7125,2.0,7
5676.0,4.0,-1.0,-1.0,7.0,-1.0,1.214285714,1.214285714,2.0,4
6977.0,10.0,-1.0,-1.0,9.0,-1.0,3.042857143,3.042857143,3.0,10
8110.0,9.0,-1.0,-1.0,10.0,-1.0,3.75,3.75,3.0,9
9572.0,10.0,-1.0,-1.0,7.0,-1.0,3.613333333,3.613333333,3.0,10
9901.0,7.0,-1.0,-1.0,10.0,-1.0,3.588888889,3.164285714,3.0,7
