student_id,Introduction to Computer Security,Introduction to Programming,cumulative_gpa,prev_term_gpa,struggle,Introduction to Computer Security
342.0,6.0,10.0,3.56875,3.56875,3.0,6
882.0,3.0,10.0,3.6875,3.6875,3.0,3
2448.0,9.0,9.0,3.28125,3.28125,3.0,9
4372.0,7.0,8.0,2.72,2.72,2.0,7
5563.0,7.0,4.0,2.625,2.625,3.0,7
7141.0,4.0,9.0,2.7625,2.7625,3.0,4
9057.0,5.0,10.0,3.069565217,3.721428571,3.0,5
