Introduction to Programming,cumulative_gpa,prev_term_gpa,struggle,term_difference,Introduction to Software Engineering
10.0,3.8125,3.8125,3.0,40.0,7
10.0,4.0,4.0,3.0,40.0,6
10.0,3.571428571,3.571428571,3.0,40.0,7
10.0,3.450980392,3.833333333,3.0,40.0,4
10.0,3.275,3.275,3.0,40.0,7
4.0,2.625,2.625,3.0,60.0,7
4.0,2.196078431,2.5,2.0,30.0,5
10.0,3.44375,3.44375,3.0,40.0,8
10.0,3.222222222,3.230769231,3.0,60.0,9
10.0,3.214285714,3.214285714,3.0,60.0,1
8.0,2.466666667,2.9,3.0,60.0,4
