Introduction to Programming,cumulative_gpa,prev_term_gpa,struggle,term_difference,Introduction to Software Engineering
10.0,3.56875,3.56875,3.0,40.0,8
10.0,3.6875,3.6875,3.0,40.0,5
10.0,3.925,3.925,3.0,40.0,6
10.0,2.875,2.875,3.0,40.0,7
10.0,3.176470588,3.176470588,3.0,70.0,7
10.0,2.797560976,2.5,2.0,30.0,0
10.0,1.964285714,2.642857143,3.0,20.0,4
10.0,3.50625,3.50625,3.0,30.0,7
10.0,2.307692308,2.307692308,2.0,30.0,10
