Introduction to Programming,cumulative_gpa,prev_term_gpa,struggle,term_difference,Introduction to Computer Security
10.0,3.241176471,3.241176471,3.0,100.0,10
10.0,2.836666667,2.469230769,2.0,90.0,5
4.0,2.822727273,2.469230769,2.0,130.0,6
9.0,3.41875,3.41875,3.0,100.0,7
10.0,3.275,3.275,3.0,130.0,9
9.0,3.653846154,3.5,3.0,130.0,7
