Introduction to Programming,cumulative_gpa,prev_term_gpa,struggle,term_difference,Introduction to Computer Security
10.0,3.60625,3.60625,3.0,100.0,9
10.0,3.925,3.925,3.0,100.0,6
10.0,2.625,2.625,2.0,130.0,8
10.0,3.541666667,3.8,3.0,100.0,7
10.0,2.528571429,3.225,3.0,150.0,6
10.0,3.449180328,3.66,3.0,90.0,7
9.0,3.0,3.175,3.0,150.0,4
10.0,3.0,3.0,3.0,120.0,7
3.0,2.407228916,2.74,3.0,90.0,3
