Introduction to Programming,cumulative_gpa,prev_term_gpa,struggle,term_difference,Introduction to Computer Security
10.0,3.56875,3.56875,3.0,70.0,6
10.0,3.6875,3.6875,3.0,100.0,3
9.0,3.28125,3.28125,3.0,100.0,9
8.0,2.72,2.72,2.0,40.0,7
4.0,2.625,2.625,3.0,130.0,7
9.0,2.7625,2.7625,3.0,100.0,4
10.0,3.069565217,3.721428571,3.0,70.0,5
