student_id,Introduction to Computer Security,Introduction to Programming,cumulative_gpa,prev_term_gpa,struggle,Introduction to Computer Security
276.0,9.0,10.0,3.566666667,3.566666667,3.0,9
1640.0,4.0,7.0,2.72,2.72,2.0,4
2074.0,7.0,10.0,1.653846154,1.653846154,2.0,7
5616.0,7.0,10.0,2.23,2.384615385,2.0,7
9548.0,6.0,8.0,2.466666667,2.9,3.0,6
