Introduction to Programming,cumulative_gpa,prev_term_gpa,struggle,term_difference,Introduction to Computer Security
10.0,3.566666667,3.566666667,3.0,100.0,9
7.0,2.72,2.72,2.0,100.0,4
10.0,1.653846154,1.653846154,2.0,40.0,7
10.0,2.23,2.384615385,2.0,90.0,7
8.0,2.466666667,2.9,3.0,40.0,6
