student_id,Introduction to Computer Security,Introduction to Programming,cumulative_gpa,prev_term_gpa,struggle,Introduction to Computer Security
281.0,10.0,10.0,3.241176471,3.241176471,3.0,10
2240.0,5.0,10.0,2.836666667,2.469230769,2.0,5
3297.0,6.0,4.0,2.822727273,2.469230769,2.0,6
3972.0,7.0,9.0,3.41875,3.41875,3.0,7
4814.0,9.0,10.0,3.275,3.275,3.0,9
9071.0,7.0,9.0,3.653846154,3.5,3.0,7
