Introduction to Programming,cumulative_gpa,prev_term_gpa,struggle,term_difference,Introduction to Software Engineering
10.0,3.112244898,3.1125,3.0,40.0,7
10.0,3.580645161,3.3529411760000003,3.0,90.0,10
9.0,3.28125,3.28125,3.0,40.0,8
7.0,2.169230769,2.169230769,3.0,80.0,4
7.0,2.735294118,2.647058824,2.0,50.0,7
10.0,2.625,2.625,2.0,40.0,2
10.0,3.449180328,3.66,3.0,60.0,6
7.0,3.1,3.1,2.0,50.0,0
10.0,3.1,2.8055555560000003,3.0,40.0,7
7.0,2.75,2.769230769,3.0,60.0,5
10.0,2.616666667,2.94,3.0,40.0,7
