student_id,Introduction to Computer Security,Introduction to Programming,cumulative_gpa,prev_term_gpa,struggle,Introduction to Computer Security
2125.0,9.0,10.0,3.60625,3.60625,3.0,9
3680.0,6.0,10.0,3.925,3.925,3.0,6
3795.0,8.0,10.0,2.625,2.625,2.0,8
7699.0,7.0,10.0,3.541666667,3.8,3.0,7
7970.0,6.0,10.0,2.528571429,3.225,3.0,6
8133.0,7.0,10.0,3.449180328,3.66,3.0,7
8231.0,4.0,9.0,3.0,3.175,3.0,4
8915.0,7.0,10.0,3.0,3.0,3.0,7
10412.0,3.0,3.0,2.407228916,2.74,3.0,3
