student_id,Introduction to Software Engineering,Introduction to Programming,cumulative_gpa,prev_term_gpa,struggle,Introduction to Software Engineering
342.0,8.0,10.0,3.56875,3.56875,3.0,8
882.0,5.0,10.0,3.6875,3.6875,3.0,5
3680.0,6.0,10.0,3.925,3.925,3.0,6
4045.0,7.0,10.0,2.875,2.875,3.0,7
5822.0,7.0,10.0,3.176470588,3.176470588,3.0,7
6142.0,0.0,10.0,2.797560976,2.5,2.0,0
6730.0,4.0,10.0,1.964285714,2.642857143,3.0,4
9405.0,7.0,10.0,3.50625,3.50625,3.0,7
10518.0,10.0,10.0,2.307692308,2.307692308,2.0,10
