student_id,Object Oriented Analysis and Design,Introduction to Programming,cumulative_gpa,prev_term_gpa,struggle,Object Oriented Analysis and Design
528.0,4.0,4.0,1.8,1.8,2.0,4
2125.0,7.0,10.0,3.60625,3.60625,3.0,7
2448.0,8.0,9.0,3.28125,3.28125,3.0,8
4831.0,5.0,7.0,2.75,2.75,3.0,5
7970.0,4.0,10.0,2.528571429,3.225,3.0,4
8177.0,7.0,8.0,3.453846154,3.453846154,3.0,7
9234.0,6.0,4.0,1.4,1.4,2.0,6
9401.0,10.0,10.0,4.0,4.0,3.0,10
