Introduction to Programming,cumulative_gpa,prev_term_gpa,struggle,term_difference,Object Oriented Analysis and Design
4.0,1.8,1.8,2.0,120.0,4
10.0,3.60625,3.60625,3.0,60.0,7
9.0,3.28125,3.28125,3.0,120.0,8
7.0,2.75,2.75,3.0,90.0,5
10.0,2.528571429,3.225,3.0,110.0,4
8.0,3.453846154,3.453846154,3.0,60.0,7
4.0,1.4,1.4,2.0,120.0,6
10.0,4.0,4.0,3.0,90.0,10
