Introduction to Programming,cumulative_gpa,prev_term_gpa,struggle,term_difference,ObjectOriented Programming and Data Structures II
10.0,4.0,4.0,3.0,60.0,7
10.0,3.450980392,3.833333333,3.0,60.0,2
10.0,3.580645161,3.3529411760000003,3.0,80.0,10
10.0,1.964285714,2.642857143,3.0,50.0,0
9.0,2.7625,2.7625,3.0,40.0,4
9.0,3.0,3.175,3.0,90.0,5
10.0,3.0,3.0,3.0,80.0,7
7.0,2.75,2.769230769,3.0,50.0,4
4.0,1.4,1.4,2.0,90.0,3
10.0,2.616666667,2.94,3.0,60.0,6
