student_id,Object Oriented Analysis and Design,Introduction to Programming,cumulative_gpa,prev_term_gpa,struggle,Object Oriented Analysis and Design
1078.0,8.0,10.0,3.571428571,3.571428571,3.0,8
1345.0,10.0,10.0,3.580645161,3.3529411760000003,3.0,10
4814.0,9.0,10.0,3.275,3.275,3.0,9
5563.0,4.0,4.0,2.625,2.625,3.0,4
6765.0,7.0,10.0,3.083333333,3.083333333,3.0,7
7841.0,6.0,10.0,3.44375,3.44375,3.0,6
7871.0,7.0,10.0,3.175,3.175,3.0,7
9330.0,4.0,10.0,3.3529411760000003,3.3529411760000003,3.0,4
9361.0,1.0,4.0,2.133333333,2.133333333,2.0,1
