student_id,Object-Oriented Programming and Data Structures II,Introduction to Programming,cumulative_gpa,prev_term_gpa,struggle,ObjectOriented Programming and Data Structures II
1954.0,7.0,10.0,3.662068966,3.623076923,3.0,7
2074.0,6.0,10.0,1.653846154,1.653846154,2.0,6
2125.0,7.0,10.0,3.60625,3.60625,3.0,7
3297.0,4.0,4.0,2.822727273,2.469230769,2.0,4
4831.0,5.0,7.0,2.75,2.75,3.0,5
5563.0,3.0,4.0,2.625,2.625,3.0,3
7871.0,8.0,10.0,3.175,3.175,3.0,8
9548.0,4.0,8.0,2.466666667,2.9,3.0,4
10518.0,0.0,10.0,2.307692308,2.307692308,2.0,0
