Introduction to Programming,cumulative_gpa,prev_term_gpa,struggle,term_difference,Object Oriented Analysis and Design
10.0,3.571428571,3.571428571,3.0,120.0,8
10.0,3.580645161,3.3529411760000003,3.0,110.0,10
10.0,3.275,3.275,3.0,90.0,9
4.0,2.625,2.625,3.0,150.0,4
10.0,3.083333333,3.083333333,3.0,90.0,7
10.0,3.44375,3.44375,3.0,60.0,6
10.0,3.175,3.175,3.0,50.0,7
10.0,3.3529411760000003,3.3529411760000003,3.0,150.0,4
4.0,2.133333333,2.133333333,2.0,90.0,1
