student_id,Object Oriented Analysis and Design,Introduction to Programming,cumulative_gpa,prev_term_gpa,struggle,Object Oriented Analysis and Design
134.0,4.0,10.0,3.2675,3.576923077,3.0,4
153.0,7.0,10.0,3.8125,3.8125,3.0,7
342.0,8.0,10.0,3.56875,3.56875,3.0,8
3680.0,7.0,10.0,3.925,3.925,3.0,7
5616.0,4.0,10.0,2.23,2.384615385,2.0,4
5822.0,3.0,10.0,3.176470588,3.176470588,3.0,3
7958.0,6.0,10.0,3.222222222,3.230769231,3.0,6
8765.0,7.0,10.0,3.1,2.8055555560000003,3.0,7
9201.0,1.0,7.0,2.75,2.769230769,3.0,1
