student_id,Object Oriented Analysis and Design,Introduction to Programming,cumulative_gpa,prev_term_gpa,struggle,Object Oriented Analysis and Design
882.0,7.0,10.0,3.6875,3.6875,3.0,7
1954.0,8.0,10.0,3.662068966,3.623076923,3.0,8
2074.0,9.0,10.0,1.653846154,1.653846154,2.0,9
2780.0,7.0,7.0,2.735294118,2.647058824,2.0,7
4045.0,4.0,10.0,2.875,2.875,3.0,4
4483.0,3.0,7.0,2.01754386,2.384615385,2.0,3
4602.0,6.0,7.0,2.923076923,2.923076923,3.0,6
8915.0,4.0,10.0,3.0,3.0,3.0,4
