Introduction to Programming,cumulative_gpa,prev_term_gpa,struggle,term_difference,Object Oriented Analysis and Design
10.0,3.6875,3.6875,3.0,90.0,7
10.0,3.662068966,3.623076923,3.0,50.0,8
10.0,1.653846154,1.653846154,2.0,60.0,9
7.0,2.735294118,2.647058824,2.0,80.0,7
10.0,2.875,2.875,3.0,60.0,4
7.0,2.01754386,2.384615385,2.0,80.0,3
7.0,2.923076923,2.923076923,3.0,60.0,6
10.0,3.0,3.0,3.0,110.0,4
