Introduction to Programming,cumulative_gpa,prev_term_gpa,struggle,term_difference,Object Oriented Analysis and Design
10.0,3.450980392,3.833333333,3.0,90.0,7
10.0,2.516129032,3.2,2.0,80.0,7
4.0,2.822727273,2.469230769,2.0,120.0,6
7.0,3.333333333,3.333333333,3.0,90.0,4
9.0,2.7625,2.7625,3.0,60.0,5
4.0,2.196078431,2.5,2.0,90.0,3
10.0,3.449180328,3.66,3.0,80.0,8
10.0,2.616666667,2.94,3.0,60.0,1
10.0,3.50625,3.50625,3.0,60.0,4
8.0,2.466666667,2.9,3.0,90.0,8
10.0,2.307692308,2.307692308,2.0,60.0,7
