Introduction to Programming,cumulative_gpa,prev_term_gpa,struggle,term_difference,ObjectOriented Programming and Data Structures II
10.0,3.662068966,3.623076923,3.0,50.0,7
10.0,1.653846154,1.653846154,2.0,60.0,6
10.0,3.60625,3.60625,3.0,60.0,7
4.0,2.822727273,2.469230769,2.0,90.0,4
7.0,2.75,2.75,3.0,60.0,5
4.0,2.625,2.625,3.0,120.0,3
10.0,3.175,3.175,3.0,50.0,8
8.0,2.466666667,2.9,3.0,60.0,4
10.0,2.307692308,2.307692308,2.0,60.0,0
