student_id,Programming Language Structures,Introduction to Programming,cumulative_gpa,prev_term_gpa,struggle,Programming Language Structures
342.0,6.0,10.0,3.56875,3.56875,3.0,6
4814.0,8.0,10.0,3.275,3.275,3.0,8
6765.0,3.0,10.0,3.083333333,3.083333333,3.0,3
7441.0,4.0,4.0,2.196078431,2.5,2.0,4
7871.0,10.0,10.0,3.175,3.175,3.0,10
8177.0,9.0,8.0,3.453846154,3.453846154,3.0,9
9234.0,7.0,4.0,1.4,1.4,2.0,7
