student_id,Programming Language Structures,Introduction to Programming,cumulative_gpa,prev_term_gpa,struggle,Programming Language Structures
528.0,8.0,4.0,1.8,1.8,2.0,8
1345.0,10.0,10.0,3.580645161,3.3529411760000003,3.0,10
2074.0,9.0,10.0,1.653846154,1.653846154,2.0,9
5341.0,4.0,7.0,3.333333333,3.333333333,3.0,4
5616.0,7.0,10.0,2.23,2.384615385,2.0,7
9330.0,6.0,10.0,3.3529411760000003,3.3529411760000003,3.0,6
10518.0,0.0,10.0,2.307692308,2.307692308,2.0,0
