Introduction to Programming,cumulative_gpa,prev_term_gpa,struggle,term_difference,Programming Language Structures
10.0,3.2675,3.576923077,3.0,90.0,8
10.0,3.571428571,3.571428571,3.0,120.0,8
10.0,3.450980392,3.833333333,3.0,90.0,6
4.0,2.822727273,2.469230769,2.0,120.0,9
10.0,3.222222222,3.230769231,3.0,110.0,10
10.0,2.528571429,3.225,3.0,110.0,7
10.0,3.214285714,3.214285714,3.0,140.0,0
10.0,3.1,2.8055555560000003,3.0,90.0,9
10.0,4.0,4.0,3.0,90.0,10
8.0,2.466666667,2.9,3.0,90.0,7
