student_id,Programming Language Structures,Introduction to Programming,cumulative_gpa,prev_term_gpa,struggle,Programming Language Structures
2780.0,8.0,7.0,2.735294118,2.647058824,2.0,8
3680.0,7.0,10.0,3.925,3.925,3.0,7
4045.0,5.0,10.0,2.875,2.875,3.0,5
4831.0,6.0,7.0,2.75,2.75,3.0,6
5563.0,4.0,4.0,2.625,2.625,3.0,4
5822.0,2.0,10.0,3.176470588,3.176470588,3.0,2
7841.0,10.0,10.0,3.44375,3.44375,3.0,10
8915.0,7.0,10.0,3.0,3.0,3.0,7
9405.0,9.0,10.0,3.50625,3.50625,3.0,9
