Introduction to Programming,cumulative_gpa,prev_term_gpa,struggle,term_difference,Programming Language Structures
4.0,1.8,1.8,2.0,120.0,8
10.0,3.580645161,3.3529411760000003,3.0,110.0,10
10.0,1.653846154,1.653846154,2.0,90.0,9
7.0,3.333333333,3.333333333,3.0,120.0,4
10.0,2.23,2.384615385,2.0,110.0,7
10.0,3.3529411760000003,3.3529411760000003,3.0,150.0,6
10.0,2.307692308,2.307692308,2.0,120.0,0
