Introduction to Programming,cumulative_gpa,prev_term_gpa,struggle,term_difference,Programming Language Structures
10.0,3.8125,3.8125,3.0,120.0,10
10.0,3.60625,3.60625,3.0,90.0,6
10.0,2.516129032,3.2,2.0,110.0,0
9.0,3.28125,3.28125,3.0,120.0,7
7.0,2.01754386,2.384615385,2.0,110.0,8
7.0,2.923076923,2.923076923,3.0,90.0,4
9.0,2.7625,2.7625,3.0,90.0,7
10.0,3.449180328,3.66,3.0,80.0,9
7.0,2.75,2.769230769,3.0,80.0,3
10.0,2.616666667,2.94,3.0,90.0,10
