Introduction to Programming,cumulative_gpa,prev_term_gpa,struggle,term_difference,Programming Language Structures
10.0,3.56875,3.56875,3.0,90.0,6
10.0,3.275,3.275,3.0,120.0,8
10.0,3.083333333,3.083333333,3.0,90.0,3
4.0,2.196078431,2.5,2.0,90.0,4
10.0,3.175,3.175,3.0,80.0,10
8.0,3.453846154,3.453846154,3.0,90.0,9
4.0,1.4,1.4,2.0,150.0,7
