Introduction to Programming,cumulative_gpa,prev_term_gpa,struggle,term_difference,Programming Language Structures
7.0,2.735294118,2.647058824,2.0,80.0,8
10.0,3.925,3.925,3.0,90.0,7
10.0,2.875,2.875,3.0,90.0,5
7.0,2.75,2.75,3.0,90.0,6
4.0,2.625,2.625,3.0,150.0,4
10.0,3.176470588,3.176470588,3.0,180.0,2
10.0,3.44375,3.44375,3.0,90.0,10
10.0,3.0,3.0,3.0,140.0,7
10.0,3.50625,3.50625,3.0,90.0,9
