Introduction to Agribusiness,Leadership and Management,cumulative_gpa,prev_term_gpa,struggle,Quality Management
-1.0,6.0,3.2897959180000003,2.63125,2.0,10
-1.0,7.0,2.6943396230000003,2.321428571,3.0,10
-1.0,7.0,2.285915493,2.39375,3.0,7
-1.0,10.0,3.44375,3.44375,3.0,10
-1.0,7.0,2.546153846,2.546153846,3.0,10
-1.0,10.0,1.830952381,3.1583333330000003,3.0,9
