student_id,Quality Management,Introduction to Agribusiness,Leadership and Management,cumulative_gpa,prev_term_gpa,struggle,Quality Management
882.0,10.0,-1.0,6.0,3.2897959180000003,2.63125,2.0,10
1225.0,10.0,-1.0,7.0,2.432258065,2.81875,3.0,10
3071.0,10.0,-1.0,7.0,2.331111111,2.72,3.0,10
8414.0,10.0,-1.0,7.0,2.546153846,2.546153846,3.0,10
9534.0,9.0,-1.0,10.0,1.830952381,3.1583333330000003,3.0,9
