student_id,Intermediate Algebra,cumulative_gpa,prev_term_gpa,struggle,term_difference,College Algebra
3460.0,4.0,2.326666667,2.326666667,2.0,30.0,1
6395.0,0.0,1.7,1.4,2.0,30.0,0
6449.0,1.0,2.153846154,2.153846154,2.0,30.0,4
9024.0,4.0,2.0,2.0,2.0,10.0,1
