student_id,Intermediate Algebra,cumulative_gpa,prev_term_gpa,struggle,term_difference,College Algebra
4.0,4.0,2.62,2.62,3.0,10.0,3
674.0,1.0,1.7,1.7,2.0,30.0,1
5909.0,4.0,2.363636364,2.363636364,3.0,30.0,5
6788.0,0.0,2.214285714,2.214285714,2.0,60.0,0
10282.0,4.0,2.60625,2.60625,2.0,60.0,1
10529.0,4.0,2.4,2.4,3.0,90.0,4
