Intermediate Algebra,cumulative_gpa,prev_term_gpa,struggle,term_difference,College Algebra
4.0,2.62,2.62,3.0,10.0,3
1.0,1.7,1.7,2.0,30.0,1
4.0,2.363636364,2.363636364,3.0,30.0,5
0.0,2.214285714,2.214285714,2.0,60.0,0
4.0,2.60625,2.60625,2.0,60.0,1
4.0,2.4,2.4,3.0,90.0,4
