student_id,College Algebra,Intermediate Algebra,cumulative_gpa,prev_term_gpa,struggle,College Algebra
3881.0,7.0,4.0,2.884615385,2.884615385,3.0,7
5677.0,1.0,4.0,2.142857143,2.0,2.0,1
6395.0,0.0,0.0,1.7,1.4,2.0,0
7999.0,10.0,7.0,3.8125,3.8125,3.0,10
9916.0,5.0,7.0,3.4625,3.4625,3.0,5
10307.0,1.0,4.0,2.764705882,2.764705882,3.0,1
