Intermediate Algebra,cumulative_gpa,prev_term_gpa,struggle,term_difference,College Algebra
4.0,2.884615385,2.884615385,3.0,10.0,7
4.0,2.142857143,2.0,2.0,10.0,1
7.0,3.8125,3.8125,3.0,10.0,10
4.0,2.45,2.5625,3.0,-20.0,0
7.0,3.4625,3.4625,3.0,60.0,5
4.0,2.764705882,2.764705882,3.0,30.0,1
