student_id,Intermediate Algebra,cumulative_gpa,prev_term_gpa,struggle,term_difference,College Algebra
5372,C,2.25,2.25,S,10,D
5677,C,2.142857143,2.0,S,10,D
5909,C,2.363636364,2.363636364,G,30,C+
6449,D,2.153846154,2.153846154,S,30,C
6788,F,2.214285714,2.214285714,S,60,F
7999,B,3.8125,3.8125,G,10,A
