Intermediate Algebra,cumulative_gpa,prev_term_gpa,struggle,College Algebra
4.0,2.62,2.62,3.0,3
4.0,2.326666667,2.326666667,2.0,1
4.0,2.41875,2.41875,3.0,8
4.0,2.25,2.25,2.0,1
4.0,3.06,3.06,3.0,0
7.0,3.8125,3.8125,3.0,10
