student_id,Computer Graphics,Calculus and Analytic Geometry II,Object-Oriented Programming and Data Structures II,cumulative_gpa,prev_term_gpa,struggle,Computer Graphics
211.0,4.0,-1.0,7.0,2.816666667,2.75,3.0,4
1604.0,8.0,0.0,7.0,2.806666667,2.726666667,3.0,8
2074.0,10.0,0.0,6.0,1.653846154,1.653846154,2.0,10
4133.0,9.0,3.0,5.0,2.823809524,2.523529412,3.0,9
4366.0,10.0,-1.0,10.0,3.8125,3.8125,3.0,10
4602.0,6.0,-1.0,6.0,3.101538462,2.775,3.0,6
7651.0,10.0,-1.0,7.0,3.2829787230000003,3.45625,3.0,10
9764.0,7.0,7.0,6.0,3.5333333330000003,3.5333333330000003,3.0,7
