student_id,Calculus and Analytic Geometry II,Object-Oriented Programming and Data Structures II,cumulative_gpa,prev_term_gpa,struggle,term_difference,Computer Graphics
43,C,B-,2.6130434780000003,2.88,G,60,B
291,,C,3.097560976,3.076923077,G,30,C+
1496,B-,C+,3.373333333,3.373333333,G,60,B-
2971,B-,A,2.352542373,2.786666667,G,80,A
5676,,B-,1.644444444,2.226666667,S,60,C
6844,C+,A-,2.5533333330000003,2.5533333330000003,G,90,A
8110,,A,3.628947368,3.607692308,G,30,A-
9405,A,B,3.1703125,3.5111111110000004,G,50,B+
10364,B,B,2.897777778,2.930769231,G,90,A
