student_id,Calculus and Analytic Geometry II,Object-Oriented Programming and Data Structures II,cumulative_gpa,prev_term_gpa,struggle,term_difference,Computer Graphics
1078,,B,3.176470588,3.076923077,G,30,B
2748,F,F,2.255555556,0.692307692,E,60,C
4133,C-,C+,2.823809524,2.523529412,G,50,A-
4366,,A,3.8125,3.8125,G,30,A
5987,F,C,2.5333333330000003,2.5333333330000003,S,120,A
7845,A,A,3.963636364,3.929411765,G,50,A
7871,B+,B+,3.632432432,3.715384615,G,50,B
8308,,F,1.75,1.833333333,E,90,F
