student_id,Business Analytics,Elementary Statistics,Interpretation of Business and Economic Data,Introduction to Agribusiness,Leadership and Management,cumulative_gpa,prev_term_gpa,struggle,term_difference,Operations Management
1891.0,-1.0,-1.0,9.0,-1.0,4.0,1.743589744,2.4,2.0,50.0,4
2240.0,-1.0,8.0,-1.0,-1.0,10.0,3.117647059,3.117647059,2.0,100.0,7
3833.0,-1.0,10.0,-1.0,-1.0,7.0,2.4,2.4,2.0,100.0,10
4135.0,-1.0,4.0,-1.0,-1.0,7.0,2.428571429,2.428571429,2.0,120.0,10
8167.0,-1.0,-1.0,-1.0,-1.0,1.0,2.1085106380000003,1.084615385,1.0,90.0,0
9024.0,9.0,-1.0,1.0,-1.0,4.0,1.93255814,1.925,2.0,30.0,5
9342.0,-1.0,5.0,-1.0,-1.0,-1.0,2.344594595,2.55,3.0,10.0,8
10644.0,-1.0,3.0,-1.0,10.0,9.0,3.007692308,3.007692308,3.0,60.0,6
