student_id,Business Analytics,Elementary Statistics,Interpretation of Business and Economic Data,Introduction to Agribusiness,Leadership and Management,cumulative_gpa,prev_term_gpa,struggle,term_difference,Operations Management
1345.0,-1.0,-1.0,-1.0,-1.0,10.0,3.596825397,3.86,3.0,80.0,9
2638.0,-1.0,4.0,-1.0,-1.0,4.0,1.75,1.75,2.0,90.0,4
3003.0,-1.0,-1.0,5.0,-1.0,7.0,2.6943396230000003,2.321428571,3.0,40.0,10
3283.0,-1.0,9.0,-1.0,-1.0,10.0,3.083333333,3.083333333,3.0,90.0,7
3838.0,-1.0,6.0,-1.0,-1.0,7.0,2.546875,2.44375,2.0,50.0,7
8655.0,-1.0,-1.0,4.0,-1.0,8.0,2.2375,3.3,3.0,-5.0,8
8697.0,0.0,-1.0,-1.0,-1.0,4.0,1.3125,1.3125,1.0,130.0,0
9276.0,-1.0,5.0,-1.0,-1.0,10.0,3.29,3.538461538,3.0,50.0,10
