student_id,Introduction to Agribusiness,Leadership and Management,cumulative_gpa,prev_term_gpa,struggle,term_difference,Quality Management
1225,,B,2.432258065,2.81875,G,30,A
2240,,A,3.117647059,3.117647059,S,120,A-
3795,,B,2.646428571,2.675,G,110,A
5023,,A,3.401639344,3.3411764710000003,G,60,A
10401,,A,3.007692308,3.007692308,S,90,A
10594,,B,2.81025641,2.716666667,G,100,B+
