student_id,Introduction to Agribusiness,Leadership and Management,cumulative_gpa,prev_term_gpa,struggle,term_difference,Quality Management
1183.0,-1.0,10.0,2.447297297,2.74,2.0,60.0,10
2907.0,-1.0,9.0,2.518181818,2.518181818,2.0,90.0,9
3003.0,-1.0,7.0,2.6943396230000003,2.321428571,3.0,60.0,10
4506.0,-1.0,4.0,1.336585366,1.4357142859999998,1.0,90.0,10
9352.0,-1.0,4.0,1.777777778,1.083333333,1.0,90.0,8
10401.0,-1.0,10.0,3.007692308,3.007692308,2.0,90.0,10
