Introduction to Agribusiness,Leadership and Management,cumulative_gpa,prev_term_gpa,struggle,term_difference,Quality Management
-1.0,6.0,3.2897959180000003,2.63125,2.0,100.0,10
-1.0,7.0,2.432258065,2.81875,3.0,30.0,10
-1.0,7.0,2.331111111,2.72,3.0,70.0,10
-1.0,7.0,2.546153846,2.546153846,3.0,40.0,10
-1.0,10.0,1.830952381,3.1583333330000003,3.0,80.0,9
