student_id,Introduction to Agribusiness,Leadership and Management,cumulative_gpa,prev_term_gpa,struggle,term_difference,Quality Management
882,,B-,3.2897959180000003,2.63125,S,100,A
1640,,A,2.72,2.72,S,120,A-
8414,,B,2.546153846,2.546153846,G,40,A
9276,,A,3.29,3.538461538,G,60,A
9352,,C,1.777777778,1.083333333,E,90,B+
10644,A,A-,3.007692308,3.007692308,G,100,A
