Programming in COBOL,cumulative_gpa,prev_term_gpa,struggle,Applications in Information Systems
7.0,3.083050847,3.00625,3.0,9
9.0,2.925396825,2.76875,3.0,6
7.0,2.3,2.4,2.0,7
7.0,2.567045455,3.26,3.0,8
4.0,2.666666667,2.625,3.0,4
7.0,3.13559322,2.6,3.0,7
7.0,2.8,3.00625,3.0,8
7.0,2.969230769,2.4,2.0,7
0.0,1.7575757580000002,1.117647059,1.0,4
7.0,2.175454545,2.325,2.0,7
0.0,2.301234568,1.72,2.0,5
