Mathematical Problem Solving,Basic Algebra,Programming in C++,Introduction to Programming,cumulative_gpa,prev_term_gpa,struggle,Computer Graphics
-1.0,-1.0,7.0,-1.0,3.214285714,3.214285714,3.0,5
-1.0,-1.0,8.0,10.0,1.653846154,1.653846154,2.0,10
-1.0,-1.0,10.0,-1.0,2.866666667,2.866666667,2.0,10
-1.0,-1.0,10.0,-1.0,2.509090909,2.5,2.0,4
-1.0,-1.0,10.0,10.0,3.175,3.175,3.0,7
-1.0,-1.0,10.0,-1.0,3.75,3.75,3.0,9
-1.0,-1.0,4.0,-1.0,1.5384615380000002,1.5384615380000002,2.0,1
-1.0,-1.0,10.0,-1.0,3.588888889,3.164285714,3.0,7
