Mathematical Problem Solving,Basic Algebra,Programming in C++,Introduction to Programming,cumulative_gpa,prev_term_gpa,struggle,Computer Graphics
-1.0,-1.0,7.0,-1.0,2.7125,2.7125,2.0,7
-1.0,-1.0,9.0,-1.0,3.330769231,3.330769231,3.0,9
-1.0,-1.0,10.0,-1.0,2.248275862,1.785714286,1.0,4
-1.0,-1.0,7.0,10.0,3.222222222,3.230769231,3.0,7
-1.0,-1.0,10.0,-1.0,3.535294118,3.535294118,3.0,10
-1.0,-1.0,7.0,10.0,3.3529411760000003,3.3529411760000003,3.0,5
-1.0,-1.0,4.0,-1.0,2.275862069,1.692307692,2.0,1
-1.0,-1.0,10.0,-1.0,4.0,4.0,3.0,10
