Mathematical Problem Solving,Basic Algebra,Programming in C++,Introduction to Programming,cumulative_gpa,prev_term_gpa,struggle,Computer Graphics
-1.0,-1.0,7.0,-1.0,2.5333333330000003,2.5333333330000003,2.0,4
-1.0,-1.0,5.0,-1.0,2.6076923080000003,2.6076923080000003,3.0,7
-1.0,-1.0,7.0,-1.0,2.733333333,2.733333333,2.0,6
-1.0,-1.0,10.0,10.0,3.571428571,3.571428571,3.0,7
-1.0,-1.0,10.0,-1.0,2.866666667,2.866666667,2.0,10
-1.0,-1.0,0.0,-1.0,0.5625,0.5625,1.0,10
-1.0,-1.0,10.0,-1.0,4.0,4.0,3.0,9
-1.0,-1.0,4.0,-1.0,1.5384615380000002,1.5384615380000002,2.0,1
-1.0,-1.0,7.0,10.0,3.3529411760000003,3.3529411760000003,3.0,5
