Mathematical Problem Solving,Basic Algebra,Programming in C++,Introduction to Programming,cumulative_gpa,prev_term_gpa,struggle,Computer Graphics
-1.0,-1.0,4.0,-1.0,2.08,2.08,2.0,4
-1.0,-1.0,7.0,-1.0,3.34,3.34,3.0,7
-1.0,-1.0,8.0,10.0,1.653846154,1.653846154,2.0,10
-1.0,-1.0,0.0,-1.0,2.925,2.925,2.0,9
-1.0,-1.0,10.0,-1.0,2.248275862,1.785714286,1.0,4
-1.0,-1.0,7.0,10.0,3.222222222,3.230769231,3.0,7
-1.0,-1.0,1.0,10.0,1.0,1.0,2.0,6
-1.0,-1.0,7.0,10.0,3.50625,3.50625,3.0,8
-1.0,-1.0,7.0,-1.0,2.95,2.95,3.0,10
