Introduction to Agribusiness,Leadership and Management,cumulative_gpa,prev_term_gpa,struggle,Quality Management
-1.0,10.0,2.447297297,2.74,2.0,10
-1.0,9.0,2.518181818,2.518181818,2.0,9
-1.0,7.0,2.6943396230000003,2.321428571,3.0,10
-1.0,4.0,1.336585366,1.4357142859999998,1.0,10
-1.0,4.0,1.777777778,1.083333333,1.0,8
-1.0,10.0,3.007692308,3.007692308,2.0,10
