student_id,Human Factors Engineering,Calculus and Analytic Geometry II,Anatomy,cumulative_gpa,prev_term_gpa,struggle,term_difference
619,9,10,,3.7096774189999997,3.625,3,50
2137,6,3,,2.964285714,2.6583333330000003,3,50
2567,7,7,,3.413793103,3.214285714,3,20
2669,5,10,,3.596969697,3.61875,3,50
7158,6,1,,2.795454545,1.8181818180000002,2,90
7798,3,4,,3.0,2.866666667,3,80
9365,5,7,,3.594117647,3.594117647,3,120
