student_id,Human Factors Engineering,Calculus and Analytic Geometry II,Anatomy,cumulative_gpa,prev_term_gpa,struggle,term_difference
619,A-,A,,3.7096774189999997,3.625,G,50
2137,B-,C-,,2.964285714,2.6583333330000003,G,50
2567,B,B,,3.413793103,3.214285714,G,20
2669,C+,A,,3.596969697,3.61875,G,50
7158,B-,D,,2.795454545,1.8181818180000002,S,90
7798,C-,C,,3.0,2.866666667,G,80
9365,C+,B,,3.594117647,3.594117647,G,120
