student_id,Intermediate Algebra,Mathematical Problem Solving,Elementary Algebra,cumulative_gpa,prev_term_gpa,struggle,term_difference
1378,B,,B,1.35,1.35,E,20
1832,D,,D,1.714285714,1.714285714,S,30
2638,F,,C,1.75,1.75,S,10
3297,B,,B,3.333333333,3.333333333,G,20
4831,B,,A,2.75,2.75,G,10
5677,C,,C,2.0,2.0,S,30
7127,F,,B,3.1,3.1,G,30
8231,B,,A,2.79,2.79,G,10
8540,F,,C,2.152631579,1.6,S,10
9105,C,,B,3.233333333,3.233333333,G,10
9795,B,,C,2.0,2.0,S,10
