student_id,Operations Research I,Statistical Methods with Applications,cumulative_gpa,prev_term_gpa,struggle,term_difference
619,9,7,3.65326087,3.43125,3,20
2137,8,4,3.0580246910000004,2.8125,3,0
2567,8,6,3.295,3.0333333330000003,3,50
2669,10,7,3.540909091,3.3923076919999997,3,20
6205,9,4,3.06,2.85,3,30
6239,0,7,3.27027027,3.5,3,10
7158,5,4,2.6719626169999997,3.2,3,20
7798,6,2,2.655263158,2.7538461539999997,2,30
9365,8,2,3.2696202530000003,2.8875,2,60
9370,10,10,4.0,4.0,3,30
