student_id,Principles and Applications of Project Management,Engineering Management,cumulative_gpa,prev_term_gpa,struggle,term_difference
619,A-,A-,3.6231481480000003,3.45,G,10
2137,A,A-,3.1879032260000004,3.575,G,0
2669,B+,C+,3.4235294119999997,2.98,G,30
6205,A,B+,3.0810000000000004,3.2,G,30
7158,B-,B,2.6825396830000003,2.50625,G,10
7798,B-,C,2.493181818,2.525,G,10
9370,A-,A-,3.9730000000000003,3.94,G,10
