student_id,Principles and Applications of Project Management,Engineering Management,cumulative_gpa,prev_term_gpa,struggle,term_difference
619,9,9,3.6231481480000003,3.45,3,10
2137,10,9,3.1879032260000004,3.575,3,0
2669,8,5,3.4235294119999997,2.98,3,30
6205,10,8,3.0810000000000004,3.2,3,30
7158,6,7,2.6825396830000003,2.50625,3,10
7798,6,4,2.493181818,2.525,3,10
9370,9,9,3.9730000000000003,3.94,3,10
