student_id,Quality Engineering,Statistical Methods with Applications,cumulative_gpa,prev_term_gpa,struggle,term_difference
619,9,7,3.65326087,3.43125,3,30
2137,8,4,3.0580246910000004,2.8125,3,10
2567,7,6,3.295,3.0333333330000003,3,60
2669,9,7,3.540909091,3.3923076919999997,3,60
6205,10,4,3.06,2.85,3,40
7158,7,4,2.6719626169999997,3.2,3,30
7798,7,2,2.655263158,2.7538461539999997,2,40
9365,8,2,3.2696202530000003,2.8875,2,40
9370,10,10,4.0,4.0,3,40
