student_id,Quality Engineering,Statistical Methods with Applications,cumulative_gpa,prev_term_gpa,struggle,term_difference
619,A-,B,3.65326087,3.43125,G,30
2137,B+,C,3.0580246910000004,2.8125,G,10
2567,B,B-,3.295,3.0333333330000003,G,60
2669,A-,B,3.540909091,3.3923076919999997,G,60
6205,A,C,3.06,2.85,G,40
7158,B,C,2.6719626169999997,3.2,G,30
7798,B,D+,2.655263158,2.7538461539999997,S,40
9365,B+,D+,3.2696202530000003,2.8875,S,40
9370,A,A,4.0,4.0,G,40
